texto,category
O ministro anunciou cortes no orçamento federal.,política
A equipe conquistou o campeonato estadual.,esporte
O técnico anunciou a escalação para o próximo jogo.,esporte
Houve protestos contra a nova legislação aprovada.,política
Houve protestos contra a nova legislação aprovada.,política
O filme recebeu críticas positivas da imprensa.,entretenimento
O presidente discursou sobre a reforma tributária.,política
O ministro anunciou cortes no orçamento federal.,política
A equipe conquistou o campeonato estadual.,esporte
A conferência de tecnologia reuniu grandes empresas.,tecnologia
O ministro anunciou cortes no orçamento federal.,política
A votação da reforma política foi adiada novamente.,política
Houve protestos contra a nova legislação aprovada.,política
Houve protestos contra a nova legislação aprovada.,política
A série foi renovada para uma nova temporada.,entretenimento
O festival reuniu milhares de fãs no final de semana.,entretenimento
O ator protagonizará uma nova produção da Netflix.,entretenimento
O festival reuniu milhares de fãs no final de semana.,entretenimento
A startup lançou um aplicativo inovador.,tecnologia
A votação da reforma política foi adiada novamente.,política
O time venceu a partida com um gol nos acréscimos.,esporte
A torcida comemorou a vitória histórica.,esporte
O congresso aprovou uma nova medida econômica.,política
O filme recebeu críticas positivas da imprensa.,entretenimento
O presidente discursou sobre a reforma tributária.,política
O mercado de criptomoedas apresentou alta hoje.,tecnologia
O ministro anunciou cortes no orçamento federal.,política
A nova atualização do sistema traz mais segurança.,tecnologia
A torcida comemorou a vitória histórica.,esporte
A conferência de tecnologia reuniu grandes empresas.,tecnologia
O jogador foi contratado por um time europeu.,esporte
A votação da reforma política foi adiada novamente.,política
Pesquisadores anunciaram um avanço na IA.,tecnologia
O jogador foi contratado por um time europeu.,esporte
O ministro anunciou cortes no orçamento federal.,política
O festival reuniu milhares de fãs no final de semana.,entretenimento
O mercado de criptomoedas apresentou alta hoje.,tecnologia
A startup lançou um aplicativo inovador.,tecnologia
O técnico anunciou a escalação para o próximo jogo.,esporte
O ator protagonizará uma nova produção da Netflix.,entretenimento
O ator protagonizará uma nova produção da Netflix.,entretenimento
O congresso aprovou uma nova medida econômica.,política
A torcida comemorou a vitória histórica.,esporte
O ministro anunciou cortes no orçamento federal.,política
O técnico anunciou a escalação para o próximo jogo.,esporte
A nova atualização do sistema traz mais segurança.,tecnologia
O jogador foi contratado por um time europeu.,esporte
A votação da reforma política foi adiada novamente.,política
Pesquisadores anunciaram um avanço na IA.,tecnologia
O técnico anunciou a escalação para o próximo jogo.,esporte
O técnico anunciou a escalação para o próximo jogo.,esporte
Houve protestos contra a nova legislação aprovada.,política
Pesquisadores anunciaram um avanço na IA.,tecnologia
O ator protagonizará uma nova produção da Netflix.,entretenimento
O jogador foi contratado por um time europeu.,esporte
O ministro anunciou cortes no orçamento federal.,política
A equipe conquistou o campeonato estadual.,esporte
Houve protestos contra a nova legislação aprovada.,política
A cantora anunciou turnê internacional.,entretenimento
A cantora anunciou turnê internacional.,entretenimento
Pesquisadores anunciaram um avanço na IA.,tecnologia
O time venceu a partida com um gol nos acréscimos.,esporte
O jogador foi contratado por um time europeu.,esporte
O congresso aprovou uma nova medida econômica.,política
O filme recebeu críticas positivas da imprensa.,entretenimento
O mercado de criptomoedas apresentou alta hoje.,tecnologia
Pesquisadores anunciaram um avanço na IA.,tecnologia
Pesquisadores anunciaram um avanço na IA.,tecnologia
O festival reuniu milhares de fãs no final de semana.,entretenimento
O técnico anunciou a escalação para o próximo jogo.,esporte
A startup lançou um aplicativo inovador.,tecnologia
A torcida comemorou a vitória histórica.,esporte
A votação da reforma política foi adiada novamente.,política
O congresso aprovou uma nova medida econômica.,política
O técnico anunciou a escalação para o próximo jogo.,esporte
A startup lançou um aplicativo inovador.,tecnologia
O jogador foi contratado por um time europeu.,esporte
O ator protagonizará uma nova produção da Netflix.,entretenimento
A votação da reforma política foi adiada novamente.,política
A torcida comemorou a vitória histórica.,esporte
A votação da reforma política foi adiada novamente.,política
A equipe conquistou o campeonato estadual.,esporte
O ministro anunciou cortes no orçamento federal.,política
Houve protestos contra a nova legislação aprovada.,política
O presidente discursou sobre a reforma tributária.,política
A conferência de tecnologia reuniu grandes empresas.,tecnologia
A torcida comemorou a vitória histórica.,esporte
O técnico anunciou a escalação para o próximo jogo.,esporte
O jogador foi contratado por um time europeu.,esporte
A startup lançou um aplicativo inovador.,tecnologia
Pesquisadores anunciaram um avanço na IA.,tecnologia
O ministro anunciou cortes no orçamento federal.,política
O time venceu a partida com um gol nos acréscimos.,esporte
A equipe conquistou o campeonato estadual.,esporte
A torcida comemorou a vitória histórica.,esporte
A startup lançou um aplicativo inovador.,tecnologia
Houve protestos contra a nova legislação aprovada.,política
A votação da reforma política foi adiada novamente.,política
O presidente discursou sobre a reforma tributária.,política
O filme recebeu críticas positivas da imprensa.,entretenimento
O mercado de criptomoedas apresentou alta hoje.,tecnologia
O técnico anunciou a escalação para o próximo jogo.,esporte
A nova atualização do sistema traz mais segurança.,tecnologia
A equipe conquistou o campeonato estadual.,esporte
O presidente discursou sobre a reforma tributária.,política
Pesquisadores anunciaram um avanço na IA.,tecnologia
O mercado de criptomoedas apresentou alta hoje.,tecnologia
Pesquisadores anunciaram um avanço na IA.,tecnologia
O jogador foi contratado por um time europeu.,esporte
A série foi renovada para uma nova temporada.,entretenimento
O mercado de criptomoedas apresentou alta hoje.,tecnologia
A conferência de tecnologia reuniu grandes empresas.,tecnologia
A conferência de tecnologia reuniu grandes empresas.,tecnologia
A conferência de tecnologia reuniu grandes empresas.,tecnologia
A startup lançou um aplicativo inovador.,tecnologia
A cantora anunciou turnê internacional.,entretenimento
O jogador foi contratado por um time europeu.,esporte
O presidente discursou sobre a reforma tributária.,política
A torcida comemorou a vitória histórica.,esporte
O ator protagonizará uma nova produção da Netflix.,entretenimento
A série foi renovada para uma nova temporada.,entretenimento
O ministro anunciou cortes no orçamento federal.,política
O jogador foi contratado por um time europeu.,esporte
O ministro anunciou cortes no orçamento federal.,política
A nova atualização do sistema traz mais segurança.,tecnologia
A torcida comemorou a vitória histórica.,esporte
O ministro anunciou cortes no orçamento federal.,política
A votação da reforma política foi adiada novamente.,política
A série foi renovada para uma nova temporada.,entretenimento
A cantora anunciou turnê internacional.,entretenimento
Houve protestos contra a nova legislação aprovada.,política
O time venceu a partida com um gol nos acréscimos.,esporte
Houve protestos contra a nova legislação aprovada.,política
O time venceu a partida com um gol nos acréscimos.,esporte
O filme recebeu críticas positivas da imprensa.,entretenimento
A série foi renovada para uma nova temporada.,entretenimento
A cantora anunciou turnê internacional.,entretenimento
A conferência de tecnologia reuniu grandes empresas.,tecnologia
A cantora anunciou turnê internacional.,entretenimento
O ator protagonizará uma nova produção da Netflix.,entretenimento
O ator protagonizará uma nova produção da Netflix.,entretenimento
O filme recebeu críticas positivas da imprensa.,entretenimento
O filme recebeu críticas positivas da imprensa.,entretenimento
O festival reuniu milhares de fãs no final de semana.,entretenimento
O ator protagonizará uma nova produção da Netflix.,entretenimento
A cantora anunciou turnê internacional.,entretenimento
Pesquisadores anunciaram um avanço na IA.,tecnologia
O jogador foi contratado por um time europeu.,esporte
O técnico anunciou a escalação para o próximo jogo.,esporte
O time venceu a partida com um gol nos acréscimos.,esporte
O ministro anunciou cortes no orçamento federal.,política
O time venceu a partida com um gol nos acréscimos.,esporte
O time venceu a partida com um gol nos acréscimos.,esporte
O ministro anunciou cortes no orçamento federal.,política
O ministro anunciou cortes no orçamento federal.,política
O jogador foi contratado por um time europeu.,esporte
A votação da reforma política foi adiada novamente.,política
Houve protestos contra a nova legislação aprovada.,política
O mercado de criptomoedas apresentou alta hoje.,tecnologia
Pesquisadores anunciaram um avanço na IA.,tecnologia
O mercado de criptomoedas apresentou alta hoje.,tecnologia
O jogador foi contratado por um time europeu.,esporte
A equipe conquistou o campeonato estadual.,esporte
O filme recebeu críticas positivas da imprensa.,entretenimento
A equipe conquistou o campeonato estadual.,esporte
O filme recebeu críticas positivas da imprensa.,entretenimento
A equipe conquistou o campeonato estadual.,esporte
A votação da reforma política foi adiada novamente.,política
O time venceu a partida com um gol nos acréscimos.,esporte
A conferência de tecnologia reuniu grandes empresas.,tecnologia
O jogador foi contratado por um time europeu.,esporte
A equipe conquistou o campeonato estadual.,esporte
O jogador foi contratado por um time europeu.,esporte
A cantora anunciou turnê internacional.,entretenimento
A startup lançou um aplicativo inovador.,tecnologia
A startup lançou um aplicativo inovador.,tecnologia
O congresso aprovou uma nova medida econômica.,política
O jogador foi contratado por um time europeu.,esporte
A cantora anunciou turnê internacional.,entretenimento
O ministro anunciou cortes no orçamento federal.,política
A torcida comemorou a vitória histórica.,esporte
A conferência de tecnologia reuniu grandes empresas.,tecnologia
O técnico anunciou a escalação para o próximo jogo.,esporte
O jogador foi contratado por um time europeu.,esporte
O jogador foi contratado por um time europeu.,esporte
O time venceu a partida com um gol nos acréscimos.,esporte
O filme recebeu críticas positivas da imprensa.,entretenimento
O filme recebeu críticas positivas da imprensa.,entretenimento
A cantora anunciou turnê internacional.,entretenimento
O ator protagonizará uma nova produção da Netflix.,entretenimento
O congresso aprovou uma nova medida econômica.,política
O ministro anunciou cortes no orçamento federal.,política
O time venceu a partida com um gol nos acréscimos.,esporte
Pesquisadores anunciaram um avanço na IA.,tecnologia
O presidente discursou sobre a reforma tributária.,política
O congresso aprovou uma nova medida econômica.,política
O presidente discursou sobre a reforma tributária.,política
A conferência de tecnologia reuniu grandes empresas.,tecnologia
A equipe conquistou o campeonato estadual.,esporte
A votação da reforma política foi adiada novamente.,política
O técnico anunciou a escalação para o próximo jogo.,esporte
O jogador foi contratado por um time europeu.,esporte
O festival reuniu milhares de fãs no final de semana.,entretenimento
O filme recebeu críticas positivas da imprensa.,entretenimento
O mercado de criptomoedas apresentou alta hoje.,tecnologia
A torcida comemorou a vitória histórica.,esporte
Houve protestos contra a nova legislação aprovada.,política
A startup lançou um aplicativo inovador.,tecnologia
O técnico anunciou a escalação para o próximo jogo.,esporte
A startup lançou um aplicativo inovador.,tecnologia
O jogador foi contratado por um time europeu.,esporte
O ator protagonizará uma nova produção da Netflix.,entretenimento
Houve protestos contra a nova legislação aprovada.,política
O mercado de criptomoedas apresentou alta hoje.,tecnologia
A nova atualização do sistema traz mais segurança.,tecnologia
O jogador foi contratado por um time europeu.,esporte
A série foi renovada para uma nova temporada.,entretenimento
A cantora anunciou turnê internacional.,entretenimento
O mercado de criptomoedas apresentou alta hoje.,tecnologia
Pesquisadores anunciaram um avanço na IA.,tecnologia
O mercado de criptomoedas apresentou alta hoje.,tecnologia
O time venceu a partida com um gol nos acréscimos.,esporte
Pesquisadores anunciaram um avanço na IA.,tecnologia
O técnico anunciou a escalação para o próximo jogo.,esporte
A cantora anunciou turnê internacional.,entretenimento
A cantora anunciou turnê internacional.,entretenimento
A cantora anunciou turnê internacional.,entretenimento
O mercado de criptomoedas apresentou alta hoje.,tecnologia
A série foi renovada para uma nova temporada.,entretenimento
A startup lançou um aplicativo inovador.,tecnologia
O presidente discursou sobre a reforma tributária.,política
A startup lançou um aplicativo inovador.,tecnologia
O festival reuniu milhares de fãs no final de semana.,entretenimento
O filme recebeu críticas positivas da imprensa.,entretenimento
Pesquisadores anunciaram um avanço na IA.,tecnologia
A torcida comemorou a vitória histórica.,esporte
O presidente discursou sobre a reforma tributária.,política
O congresso aprovou uma nova medida econômica.,política
O congresso aprovou uma nova medida econômica.,política
O ator protagonizará uma nova produção da Netflix.,entretenimento
A torcida comemorou a vitória histórica.,esporte
A votação da reforma política foi adiada novamente.,política
Houve protestos contra a nova legislação aprovada.,política
A votação da reforma política foi adiada novamente.,política
O ator protagonizará uma nova produção da Netflix.,entretenimento
A conferência de tecnologia reuniu grandes empresas.,tecnologia
A cantora anunciou turnê internacional.,entretenimento
O presidente discursou sobre a reforma tributária.,política
O técnico anunciou a escalação para o próximo jogo.,esporte
O congresso aprovou uma nova medida econômica.,política
Pesquisadores anunciaram um avanço na IA.,tecnologia
A série foi renovada para uma nova temporada.,entretenimento
O ator protagonizará uma nova produção da Netflix.,entretenimento
A cantora anunciou turnê internacional.,entretenimento
O mercado de criptomoedas apresentou alta hoje.,tecnologia
A startup lançou um aplicativo inovador.,tecnologia
A startup lançou um aplicativo inovador.,tecnologia
A série foi renovada para uma nova temporada.,entretenimento
A equipe conquistou o campeonato estadual.,esporte
A startup lançou um aplicativo inovador.,tecnologia
A série foi renovada para uma nova temporada.,entretenimento
O técnico anunciou a escalação para o próximo jogo.,esporte
O ator protagonizará uma nova produção da Netflix.,entretenimento
A equipe conquistou o campeonato estadual.,esporte
A equipe conquistou o campeonato estadual.,esporte
Pesquisadores anunciaram um avanço na IA.,tecnologia
O ministro anunciou cortes no orçamento federal.,política
A startup lançou um aplicativo inovador.,tecnologia
A torcida comemorou a vitória histórica.,esporte
O congresso aprovou uma nova medida econômica.,política
A votação da reforma política foi adiada novamente.,política
O ator protagonizará uma nova produção da Netflix.,entretenimento
A conferência de tecnologia reuniu grandes empresas.,tecnologia
O mercado de criptomoedas apresentou alta hoje.,tecnologia
O jogador foi contratado por um time europeu.,esporte
A torcida comemorou a vitória histórica.,esporte
O time venceu a partida com um gol nos acréscimos.,esporte
Pesquisadores anunciaram um avanço na IA.,tecnologia
O congresso aprovou uma nova medida econômica.,política
O time venceu a partida com um gol nos acréscimos.,esporte
A série foi renovada para uma nova temporada.,entretenimento
A startup lançou um aplicativo inovador.,tecnologia
O presidente discursou sobre a reforma tributária.,política
O ator protagonizará uma nova produção da Netflix.,entretenimento
Pesquisadores anunciaram um avanço na IA.,tecnologia
A torcida comemorou a vitória histórica.,esporte
O ator protagonizará uma nova produção da Netflix.,entretenimento
A startup lançou um aplicativo inovador.,tecnologia
O festival reuniu milhares de fãs no final de semana.,entretenimento
O técnico anunciou a escalação para o próximo jogo.,esporte
O jogador foi contratado por um time europeu.,esporte
A série foi renovada para uma nova temporada.,entretenimento
A cantora anunciou turnê internacional.,entretenimento
O mercado de criptomoedas apresentou alta hoje.,tecnologia
O time venceu a partida com um gol nos acréscimos.,esporte
O festival reuniu milhares de fãs no final de semana.,entretenimento
O presidente discursou sobre a reforma tributária.,política
O festival reuniu milhares de fãs no final de semana.,entretenimento
A conferência de tecnologia reuniu grandes empresas.,tecnologia
O ministro anunciou cortes no orçamento federal.,política
O jogador foi contratado por um time europeu.,esporte
O congresso aprovou uma nova medida econômica.,política
O mercado de criptomoedas apresentou alta hoje.,tecnologia
A série foi renovada para uma nova temporada.,entretenimento
A série foi renovada para uma nova temporada.,entretenimento
O congresso aprovou uma nova medida econômica.,política
A votação da reforma política foi adiada novamente.,política
A série foi renovada para uma nova temporada.,entretenimento
A cantora anunciou turnê internacional.,entretenimento
A nova atualização do sistema traz mais segurança.,tecnologia
Houve protestos contra a nova legislação aprovada.,política
O presidente discursou sobre a reforma tributária.,política
A nova atualização do sistema traz mais segurança.,tecnologia
Houve protestos contra a nova legislação aprovada.,política
A conferência de tecnologia reuniu grandes empresas.,tecnologia
A votação da reforma política foi adiada novamente.,política
O time venceu a partida com um gol nos acréscimos.,esporte
O ator protagonizará uma nova produção da Netflix.,entretenimento
O presidente discursou sobre a reforma tributária.,política
A nova atualização do sistema traz mais segurança.,tecnologia
O ministro anunciou cortes no orçamento federal.,política
A conferência de tecnologia reuniu grandes empresas.,tecnologia
O presidente discursou sobre a reforma tributária.,política
A votação da reforma política foi adiada novamente.,política
O ator protagonizará uma nova produção da Netflix.,entretenimento
O ministro anunciou cortes no orçamento federal.,política
Houve protestos contra a nova legislação aprovada.,política
A equipe conquistou o campeonato estadual.,esporte
A cantora anunciou turnê internacional.,entretenimento
O ministro anunciou cortes no orçamento federal.,política
A startup lançou um aplicativo inovador.,tecnologia
A conferência de tecnologia reuniu grandes empresas.,tecnologia
A nova atualização do sistema traz mais segurança.,tecnologia
O congresso aprovou uma nova medida econômica.,política
O filme recebeu críticas positivas da imprensa.,entretenimento
A conferência de tecnologia reuniu grandes empresas.,tecnologia
O congresso aprovou uma nova medida econômica.,política
O filme recebeu críticas positivas da imprensa.,entretenimento
O jogador foi contratado por um time europeu.,esporte
O ator protagonizará uma nova produção da Netflix.,entretenimento
O presidente discursou sobre a reforma tributária.,política
A equipe conquistou o campeonato estadual.,esporte
O ator protagonizará uma nova produção da Netflix.,entretenimento
O mercado de criptomoedas apresentou alta hoje.,tecnologia
O festival reuniu milhares de fãs no final de semana.,entretenimento
A startup lançou um aplicativo inovador.,tecnologia
O time venceu a partida com um gol nos acréscimos.,esporte
O mercado de criptomoedas apresentou alta hoje.,tecnologia
A conferência de tecnologia reuniu grandes empresas.,tecnologia
O jogador foi contratado por um time europeu.,esporte
O congresso aprovou uma nova medida econômica.,política
A nova atualização do sistema traz mais segurança.,tecnologia
O ministro anunciou cortes no orçamento federal.,política
O jogador foi contratado por um time europeu.,esporte
O técnico anunciou a escalação para o próximo jogo.,esporte
O mercado de criptomoedas apresentou alta hoje.,tecnologia
A nova atualização do sistema traz mais segurança.,tecnologia
A votação da reforma política foi adiada novamente.,política
A conferência de tecnologia reuniu grandes empresas.,tecnologia
A cantora anunciou turnê internacional.,entretenimento
Houve protestos contra a nova legislação aprovada.,política
A nova atualização do sistema traz mais segurança.,tecnologia
A torcida comemorou a vitória histórica.,esporte
A série foi renovada para uma nova temporada.,entretenimento
A startup lançou um aplicativo inovador.,tecnologia
O mercado de criptomoedas apresentou alta hoje.,tecnologia
O time venceu a partida com um gol nos acréscimos.,esporte
A cantora anunciou turnê internacional.,entretenimento
O time venceu a partida com um gol nos acréscimos.,esporte
Houve protestos contra a nova legislação aprovada.,política
A conferência de tecnologia reuniu grandes empresas.,tecnologia
O congresso aprovou uma nova medida econômica.,política
O ator protagonizará uma nova produção da Netflix.,entretenimento
O filme recebeu críticas positivas da imprensa.,entretenimento
A conferência de tecnologia reuniu grandes empresas.,tecnologia
A equipe conquistou o campeonato estadual.,esporte
O congresso aprovou uma nova medida econômica.,política
O congresso aprovou uma nova medida econômica.,política
Houve protestos contra a nova legislação aprovada.,política
A votação da reforma política foi adiada novamente.,política
A equipe conquistou o campeonato estadual.,esporte
Pesquisadores anunciaram um avanço na IA.,tecnologia
A torcida comemorou a vitória histórica.,esporte
A nova atualização do sistema traz mais segurança.,tecnologia
A equipe conquistou o campeonato estadual.,esporte
A série foi renovada para uma nova temporada.,entretenimento
Houve protestos contra a nova legislação aprovada.,política
A nova atualização do sistema traz mais segurança.,tecnologia
Houve protestos contra a nova legislação aprovada.,política
Pesquisadores anunciaram um avanço na IA.,tecnologia
A cantora anunciou turnê internacional.,entretenimento
A startup lançou um aplicativo inovador.,tecnologia
O festival reuniu milhares de fãs no final de semana.,entretenimento
Houve protestos contra a nova legislação aprovada.,política
A equipe conquistou o campeonato estadual.,esporte
Houve protestos contra a nova legislação aprovada.,política
A cantora anunciou turnê internacional.,entretenimento
O congresso aprovou uma nova medida econômica.,política
A torcida comemorou a vitória histórica.,esporte
A startup lançou um aplicativo inovador.,tecnologia
A equipe conquistou o campeonato estadual.,esporte
A conferência de tecnologia reuniu grandes empresas.,tecnologia
A torcida comemorou a vitória histórica.,esporte
O festival reuniu milhares de fãs no final de semana.,entretenimento
A cantora anunciou turnê internacional.,entretenimento
A startup lançou um aplicativo inovador.,tecnologia
O técnico anunciou a escalação para o próximo jogo.,esporte
O técnico anunciou a escalação para o próximo jogo.,esporte
A votação da reforma política foi adiada novamente.,política
Pesquisadores anunciaram um avanço na IA.,tecnologia
A equipe conquistou o campeonato estadual.,esporte
Houve protestos contra a nova legislação aprovada.,política
A torcida comemorou a vitória histórica.,esporte
O filme recebeu críticas positivas da imprensa.,entretenimento
O filme recebeu críticas positivas da imprensa.,entretenimento
O filme recebeu críticas positivas da imprensa.,entretenimento
A startup lançou um aplicativo inovador.,tecnologia
O ator protagonizará uma nova produção da Netflix.,entretenimento
A torcida comemorou a vitória histórica.,esporte
A conferência de tecnologia reuniu grandes empresas.,tecnologia
Pesquisadores anunciaram um avanço na IA.,tecnologia
A nova atualização do sistema traz mais segurança.,tecnologia
A votação da reforma política foi adiada novamente.,política
A série foi renovada para uma nova temporada.,entretenimento
O presidente discursou sobre a reforma tributária.,política
O congresso aprovou uma nova medida econômica.,política
O time venceu a partida com um gol nos acréscimos.,esporte
O ministro anunciou cortes no orçamento federal.,política
O festival reuniu milhares de fãs no final de semana.,entretenimento
O time venceu a partida com um gol nos acréscimos.,esporte
A cantora anunciou turnê internacional.,entretenimento
O ator protagonizará uma nova produção da Netflix.,entretenimento
O ator protagonizará uma nova produção da Netflix.,entretenimento
A torcida comemorou a vitória histórica.,esporte
O ator protagonizará uma nova produção da Netflix.,entretenimento
A torcida comemorou a vitória histórica.,esporte
O ministro anunciou cortes no orçamento federal.,política
O festival reuniu milhares de fãs no final de semana.,entretenimento
A equipe conquistou o campeonato estadual.,esporte
O mercado de criptomoedas apresentou alta hoje.,tecnologia
A startup lançou um aplicativo inovador.,tecnologia
O técnico anunciou a escalação para o próximo jogo.,esporte
A conferência de tecnologia reuniu grandes empresas.,tecnologia
O ator protagonizará uma nova produção da Netflix.,entretenimento
O filme recebeu críticas positivas da imprensa.,entretenimento
O ministro anunciou cortes no orçamento federal.,política
O presidente discursou sobre a reforma tributária.,política
A equipe conquistou o campeonato estadual.,esporte
O ator protagonizará uma nova produção da Netflix.,entretenimento
O time venceu a partida com um gol nos acréscimos.,esporte
A equipe conquistou o campeonato estadual.,esporte
Houve protestos contra a nova legislação aprovada.,política
Houve protestos contra a nova legislação aprovada.,política
Pesquisadores anunciaram um avanço na IA.,tecnologia
O time venceu a partida com um gol nos acréscimos.,esporte
A startup lançou um aplicativo inovador.,tecnologia
O presidente discursou sobre a reforma tributária.,política
A torcida comemorou a vitória histórica.,esporte
A série foi renovada para uma nova temporada.,entretenimento
A equipe conquistou o campeonato estadual.,esporte
O congresso aprovou uma nova medida econômica.,política
O mercado de criptomoedas apresentou alta hoje.,tecnologia
O festival reuniu milhares de fãs no final de semana.,entretenimento
O filme recebeu críticas positivas da imprensa.,entretenimento
O congresso aprovou uma nova medida econômica.,política
A nova atualização do sistema traz mais segurança.,tecnologia
O ministro anunciou cortes no orçamento federal.,política
O festival reuniu milhares de fãs no final de semana.,entretenimento
A startup lançou um aplicativo inovador.,tecnologia
O mercado de criptomoedas apresentou alta hoje.,tecnologia
O festival reuniu milhares de fãs no final de semana.,entretenimento
A startup lançou um aplicativo inovador.,tecnologia
O festival reuniu milhares de fãs no final de semana.,entretenimento
A conferência de tecnologia reuniu grandes empresas.,tecnologia
A equipe conquistou o campeonato estadual.,esporte
O mercado de criptomoedas apresentou alta hoje.,tecnologia
O ministro anunciou cortes no orçamento federal.,política
A startup lançou um aplicativo inovador.,tecnologia
O presidente discursou sobre a reforma tributária.,política
A equipe conquistou o campeonato estadual.,esporte
A série foi renovada para uma nova temporada.,entretenimento
O ator protagonizará uma nova produção da Netflix.,entretenimento
Houve protestos contra a nova legislação aprovada.,política
O ator protagonizará uma nova produção da Netflix.,entretenimento
A cantora anunciou turnê internacional.,entretenimento
A torcida comemorou a vitória histórica.,esporte
O ator protagonizará uma nova produção da Netflix.,entretenimento
O festival reuniu milhares de fãs no final de semana.,entretenimento
O ator protagonizará uma nova produção da Netflix.,entretenimento
Pesquisadores anunciaram um avanço na IA.,tecnologia
O festival reuniu milhares de fãs no final de semana.,entretenimento
Pesquisadores anunciaram um avanço na IA.,tecnologia
O filme recebeu críticas positivas da imprensa.,entretenimento
O presidente discursou sobre a reforma tributária.,política
O festival reuniu milhares de fãs no final de semana.,entretenimento
O ator protagonizará uma nova produção da Netflix.,entretenimento
A startup lançou um aplicativo inovador.,tecnologia
A cantora anunciou turnê internacional.,entretenimento
A nova atualização do sistema traz mais segurança.,tecnologia
Houve protestos contra a nova legislação aprovada.,política
